type,start,end
read,0,50.0
write,63.0,90.2
read,90.2,92.43880597014926
write,105.43880597014926,132.63880597014926
read,132.63880597014926,166.78208955223883
write,179.78208955223883,206.98208955223882
