type,start,end
read,0,215.05376344086022
write,370.0537634408602,460.5116324535679
read,460.5116324535679,474.59613949582143
write,629.5961394958215,720.0540085085293
read,720.0540085085293,797.2428620599452
write,952.2428620599452,1042.7007310726528
