type,start,end
read,0,161.29032258064515
write,271.2903225806451,294.0175953079179
read,294.0175953079179,304.580975589608
write,414.580975589608,437.30824831688074
read,437.30824831688074,447.87162859857085
write,557.8716285985709,580.5989013258436
